k,Method,Build Time,Path Found,Path Length
5,KDtree,0.4448094367980957,True,4.0
5,ANN-based,1.515077829360962,True,3.0
10,KDtree,0.5571227073669434,True,7.0
10,ANN-based,2.8167338371276855,True,7.0
15,KDtree,0.6673660278320312,True,3.0
15,ANN-based,4.217432737350464,True,5.0
50,KDtree,1.602745771408081,True,4.0
50,ANN-based,13.848575353622437,True,6.0
